{
  "hash": "1b507bd8",
  "configHash": "c0c1a77f",
  "lockfileHash": "4e5b3b49",
  "browserHash": "94435331",
  "optimized": {
    "@angular/core": {
      "src": "../../../../../../node_modules/@angular/core/fesm2022/core.mjs",
      "file": "@angular_core.js",
      "fileHash": "e9b139a0",
      "needsInterop": false
    },
    "@angular/platform-browser": {
      "src": "../../../../../../node_modules/@angular/platform-browser/fesm2022/platform-browser.mjs",
      "file": "@angular_platform-browser.js",
      "fileHash": "63bddb46",
      "needsInterop": false
    },
    "@angular/router": {
      "src": "../../../../../../node_modules/@angular/router/fesm2022/router.mjs",
      "file": "@angular_router.js",
      "fileHash": "398e0ea7",
      "needsInterop": false
    }
  },
  "chunks": {
    "chunk-PKGG2E3U": {
      "file": "chunk-PKGG2E3U.js"
    },
    "chunk-ZZIJFYSX": {
      "file": "chunk-ZZIJFYSX.js"
    }
  }
}